Article DOI,Phage Name,Phage Genome Accession/Bioproject,Phage Genome size (bp),Phage GC content (%),Phage TEM shows structural similarity with,Phage TEM dimensions/Capsid morphology,Phage Taxonomy,Phage type: Lytic/ Lysogenic/ Engineered,Place of Sample collection,Phage isolation Sample,Host Bacterial Species,Experimental / Challenge Host,Phage's Plaque characteristics/Shape,Optimal MOI,Latent period (min),Burst size (phage/infected bacterium),Optimal Temperature (°C),Optimal pH
"10.3389/fmicb.2023.1240570","Sfin-2","MK972831","50,390 bp","44.90%","T1-like phages","isometric head (64.90 ± 2.04 nm) and a non-contractile tail (145 ± 8.5 nm)","Siphoviridae family, Caudovirales order","lytic","Ganga river, near Barrackpore, North 24 Parganas district and Sreerampore, Hoogly district, West Bengal, India","environmental water samples","Shigella flexneri","Shigella flexneri 2a","clear distinct plaques ranging from 1.3 to 1.9 mm in diameter with well-defined boundaries","0.1","~7 min","105 PFU/cell","37°C","7.0"
"10.3389/fmicb.2023.1240570","Sfin-2","MK972831","50,390 bp","44.90%","T1-like phages","isometric head (64.90 ± 2.04 nm) and a non-contractile tail (145 ± 8.5 nm)","Siphoviridae family, Caudovirales order","lytic","Ganga river, near Barrackpore, North 24 Parganas district and Sreerampore, Hoogly district, West Bengal, India","environmental water samples","Shigella dysenteriae","Shigella dysenteriae 1","clear distinct plaques ranging from 1.3 to 1.9 mm in diameter with well-defined boundaries","0.1","~5 min","74 PFU/cell","37°C","7.0"
"10.3389/fmicb.2023.1240570","Sfin-2","MK972831","50,390 bp","44.90%","T1-like phages","isometric head (64.90 ± 2.04 nm) and a non-contractile tail (145 ± 8.5 nm)","Siphoviridae family, Caudovirales order","lytic","Ganga river, near Barrackpore, North 24 Parganas district and Sreerampore, Hoogly district, West Bengal, India","environmental water samples","Shigella sonnei","Shigella sonnei 1","clear distinct plaques ranging from 1.3 to 1.9 mm in diameter with well-defined boundaries","0.1","10 min","101 PFU/cell","37°C","7.0"
"10.3389/fmicb.2023.1240570","Sfin-6","MN393473","50,523 bp","48.30%","T1-like phages","isometric head (62.42 ± 4.04 nm) and a non-contractile tail (148.47 ± 14.5 nm)","Siphoviridae","Lytic","Ganga river, near Barrackpore, North 24 Parganas district and Sreerampore, Hoogly district, West Bengal, India","environmental water samples","Shigella flexneri","Shigella flexneri 2a","clear distinct plaques, size ranging from 1.3 to 1.9 mm in diameter","0.1","~5 min","71 PFU/cell","37°C","7.0"
"10.3389/fmicb.2023.1240570","Sfin-6","MN393473","50,523 bp","48.30%","T1-like phages","isometric head (62.42 ± 4.04 nm) and a non-contractile tail (148.47 ± 14.5 nm)","Siphoviridae","Lytic","Ganga river, near Barrackpore, North 24 Parganas district and Sreerampore, Hoogly district, West Bengal, India","environmental water samples","Shigella dysenteriae","Shigella dysenteriae 1","clear distinct plaques, size ranging from 1.3 to 1.9 mm in diameter","0.1","~13 min","163 PFU/cell","37°C","7.0"
"10.3389/fmicb.2023.1240570","Sfin-6","MN393473","50,523 bp","48.30%","T1-like phages","isometric head (62.42 ± 4.04 nm) and a non-contractile tail (148.47 ± 14.5 nm)","Siphoviridae","Lytic","Ganga river, near Barrackpore, North 24 Parganas district and Sreerampore, Hoogly district, West Bengal, India","environmental water samples","Shigella sonnei","Shigella sonnei 1","clear distinct plaques, size ranging from 1.3 to 1.9 mm in diameter","0.1","~13 min","265 PFU/cell","37°C","7.0"
"10.1128/spectrum.01994-22","Klebsiella phage PG14","OM964875","49,853 bp","50.8%","Siphoviridae","Icosahedral head (82 ± 5 nm x 67 ± 3 nm), tail (133 ± 10 nm x 18 ± 2 nm) with tail fibers","Order: Caudovirales, Family: Siphoviridae","Lytic","Mutha River, Pune, Maharashtra, India","Water samples","Klebsiella pneumoniae","K. pneumoniae G14","clear circular plaques surrounded by a turbid halo zone","Not reported (tested at 0.1, 1, 10, 100)","20","47","<30°C","6-8"
"10.1089/phage.2024.0014","P2","OP797796","42,660","58.8%","podovirus","icosahedral head of diameter 54.4 ± 1.5 nm and short tail of length 10.4 ± 1.1 nm","genus Ahphunavirus, family Autographiviridae","lytic","Mumbai, India","sewage water","Aeromonas hydrophila","A. hydrophila CECT 839T","clear plaques","0.01","90","34 ± 7 PFU/cell","40°C","6 to 10"
"10.1089/phage.2024.0014","vB_AhydM-H1","OR795024","52,614","51.8%","myovirus","icosahedral head (61.1 ± 2.3 nm) with a contractile tail (133.3 ± 2.7 nm) and tail fibers","genus Pahsextavirus, family Chaseviridae","lytic","Pune, India","sewage water","Aeromonas hydrophila","A. hydrophila A331","clear plaques","0.01","120","179 ± 12 PFU/cell","40°C","6 to 10"
"10.3390/v16111741","Vibrio phage 4141","OR233736.1","38,498","43%","Podoviridae","icosahedral head, length 62.40 ± 1.4 nm, width 70.84 ± 3.0 nm","Autographiviridae","lytic","Kolkata, West Bengal","clinical stool sample","Vibrio cholerae","V. cholerae O1 El-Tor strain N16961","clear and round-shaped","0.001","15","142 ± 5","37","7"
"10.3390/v16111741","Vibrio phage MJW","OR248150.1","49,880","42.5%","Podoviridae","head length 62.8 ± 2.30 nm, width 63.48 ± 2.26 nm","Zobellviridae","lytic","Majhdia, Nadia, West Bengal","environmental sewage sample","Vibrio cholerae","V. cholerae O1 El-Tor strain N16961","clear and round-shaped","0.001","12","137 ± 9","37","7"
"10.1038/s41598-025-92032-6","RuSa1","OQ434248","141,098 bp","30.18%","Staphylococcus phage Stab20, myoviruses","icosahedral head of diameter 70–80 nm, contractile tail (160–165 nm), terminal base plate (18–20 nm)","Genus Kayvirus, Subfamily Twortvirinae, Family Herelleviridae","lytic","Pilikula Biological Park, Mangalore, Karnataka, India","Wastewater samples derived from a spotted sambar deer (Rusa unicolor) enclosure","Staphylococcus aureus","Staphylococcus aureus ATCC BAA-44","uniform PFU (1 mm)","1 and 0.1","10 min","50 PFU per cell","4–37 °C","5–9"
"10.1128/spectrum.03979-25","Escherichia phage vB_EcoM_fRPOT1","BioProject: PRJNA1098433, GenBank: PQ724394","170,501","39.55%","Myovirus","Head size: 75.46 ± 1.83 nm, Tail length: 117.42 ± 2.26 nm","Family: Straboviridae, Genus: Dhakavirus","Lytic","Rajasthan, India","Poultry fecal sample","Escherichia coli","Escherichia coli O135","Clear plaque with diameter of 0.37 ± 0.03 mm","10","20","62.95 ± 17.42 phages/cell","Stable up to 55°C","3–11"
"10.1128/spectrum.03979-25","Escherichia phage vB_EcoM_fBSZT1","BioProject: PRJNA1098433, GenBank: PV467748","169,720","39.65%","Myovirus","Head size: 102.67 ± 1.07 nm, Tail length: 116.23 ± 1.29 nm","Family: Straboviridae, Genus: Dhakavirus","Lytic","Bihar, India","Poultry fecal sample","Escherichia coli","Escherichia coli O135","Clear plaque with diameter of 0.22 ± 0.03 mm","10","10","915.40 ± 252.22 phages/cell","Stable up to 55°C","3–11"
"10.1128/spectrum.03979-25","Escherichia phage vB_EcoM_fDMYT1","BioProject: PRJNA1098433, GenBank: PV467749","356,482","35.60%","Myovirus","Head diagonal length: 107.62 ± 3.47 nm, Tail length: 123.80 ± 3.96 nm","Genus: Asteriusvirus","Lytic","Delhi, India","Poultry fecal sample","Escherichia coli","Escherichia coli O135","Large clear plaque with diameter of 2.14 ± 0.13 mm","10","20","556.02 ± 71.40 phages/cell","Stable up to 55°C","4–11"
"10.1128/spectrum.03979-25","Escherichia phage vB_EcoM_fUAMT1","BioProject: PRJNA1098433, GenBank: PQ724392","170,021","40.38%","Myovirus","Head size: 92.18 ± 0.59 nm, Tail length: 129.14 ± 8.25 nm","Genus: Gaprivervirus","Lytic","Uttar Pradesh, India","Poultry fecal sample","Escherichia coli","Escherichia coli O135","Clear plaque with diameter of 0.88 ± 0.1 mm","10","20","92.23 ± 51.89 phages/cell","Stable up to 70°C","3–11"
"10.1128/spectrum.03979-25","Escherichia phage vB_EcoM_fPKPT2","BioProject: PRJNA1098433, GenBank: PV419677","171,101","40.26%","Myovirus","Head size: 96.46 ± 1.90 nm, Tail length: 131.03 ± 1.05 nm","Genus: Gaprivervirus","Lytic","Punjab, India","Poultry fecal sample","Escherichia coli","Escherichia coli O135","Clear plaque with diameter of 0.87 ± 0.08 mm","10","20","414.54 ± 183.23 phages/cell","Stable up to 70°C","3–11"
"10.3390/v18050532","Escherichia phage BpE1AUH","PX741096","134,410 bp","43.68%","myovirus","icosahedral capsid with a diameter of 77.4 nm and a tail with a contractile sheath measuring 122.23 nm","Class Caudoviricetes, Genus Vequintavirus","Lytic","Primary Health Care Centre at the University of Hyderabad, Hyderabad, TS, India","sewage water","Escherichia coli","Escherichia coli K-12","clear, isolated plaques","-","-","-","25 °C","2.1–10.2"
"10.1007/s00253-026-13832-y","Proteus phage ram_arti_1324","PRJNA1256089","91,735 bp","34.7%","podoviruses","icosahedral head with a short, noncontractile tail","Podoviridae","lytic","Bhubaneswar, India","sewage","Proteus mirabilis","MDR strain of P. mirabilis (NCBI SRA accession no: SRR31895414)","distinct, well-defined plaques","Not reported","Not reported","Not reported","Not reported","Not reported"
"10.1016/j.enzmictec.2026.110870","Pseudomonas phage_SW_PA2862_14_24 (N2)","PV574405.1","92,799","49.34%","Myoviridae-like phages (family Straboviridae); shares strong homology with Pseudomonas phage vB_PaM_EPA1 (NC_073609.1) and Pseudomonas phage bmx-p3 (OQ319933.1)","Isometric icosahedral capsid approximately 58–60 nm in diameter, attached to a long, rigid contractile tail roughly 95–145 nm in length and 12–14 nm in width, with a baseplate-like structure and tail fibers","Class Caudoviricetes, Family Straboviridae","Lytic","A local sewage treatment facility near Manipal, Karnataka, India (GPS coordinates: 13.368669, 74.787738)","Sewage water","Pseudomonas aeruginosa","Pseudomonas aeruginosa NCIM 2862","Uniform, well-defined clear plaques with an average diameter of 2.0 ± 0.25 mm","10","25","231 ± 13 PFU/cell","37 °C","7"
"10.1016/j.enzmictec.2026.110870","Pseudomonas phage_SW_PA2862_11_24 (N3)","PV574406.1","92,798","49.35%","Myoviridae-like phages (family Straboviridae); shares high nucleotide identity with Pseudomonas phage SPA01 (NC_073602.1) and Pseudomonas phage Baskent_P3_3B (PP766723.1)","Isometric icosahedral capsid approximately 58–60 nm in diameter, attached to a long, rigid contractile tail roughly 95–145 nm in length and 12–14 nm in width","Class Caudoviricetes, Family Straboviridae","Lytic","A local sewage treatment facility near Manipal, Karnataka, India (GPS coordinates: 13.368669, 74.787738)","Sewage water","Pseudomonas aeruginosa","Pseudomonas aeruginosa NCIM 2862","Uniform, well-defined clear plaques with an average diameter of 4.0 ± 0.56 mm","10","25","91 ± 11 PFU/cell","37 °C","7"
"10.1186/s12866-026-04780-8","Escherichia phage BASUE2","PV636258","157,938","44.62%","Myoviridae-like","icosahedral capsid with a contractile tail","Class Caudoviricetes, Order Pantevenvirales, Family Ackermannviridae, Subfamily Cvivirinae, Genus Kuttervirus, Species Kuttervirus PM10","Lytic","livestock farms affiliated with the Bihar Animal Sciences University, Patna, India","sewage samples","Escherichia coli","E. coli strain BUE4","distinct, clear, and circular plaques ranging in size from approximately 0.5 to 1 mm in diameter","0.01","40","98","25 - 37","7.5"
"10.1186/s12866-026-04780-8","Escherichia phage BASUE7","PV6362599","50,255","45.47%","Siphoviridae-like","long, flexible, non-contractile tail with icosahedral head","Class Caudoviricetes, Family Drexlerviridae, Subfamily Tunavirinae, Genus Tunavirus","Lytic","livestock farms affiliated with the Bihar Animal Sciences University, Patna, India","sewage samples","Escherichia coli","E. coli strain BUE4","distinct, clear, and circular plaques ranging in size from approximately 0.5 to 1 mm in diameter","0.01","50","85","25 - 37","7.5"
"10.1186/s12866-026-04780-8","Escherichia phage BASUE10","PV636260","48,147","45.08%","Siphoviridae-like","long, flexible, non-contractile tail with icosahedral head","Class Caudoviricetes, Family Drexlerviridae, Subfamily Tunavirinae, Genus Tunavirus","Lytic","livestock farms affiliated with the Bihar Animal Sciences University, Patna, India","sewage samples","Escherichia coli","E. coli strain BUE4","distinct, clear, and circular plaques ranging in size from approximately 0.5 to 1 mm in diameter","0.01","40","97","25 - 37","7.5"
"10.1038/s41598-026-35899-3","ØPh_SS01","Not reported directly for ØPh_SS01 (closest homology reference: PQ358088.1)","46,750 bp","37.36%","Caudoviricetes (Siphoviridae)","complete virion length of 343.2 ± 35.5 nm, tail length of 269.7 ± 33.8 nm, and head diameter of 80.18 ± 30.5 nm","Caudoviricetes (Siphoviridae)","temperate","Effluent treatment plant (ETP), Amrita Vishwa Vidyapeetham, Amritapuri Campus, Kollam, Kerala, India","mixed sewage sample","Staphylococcus saprophyticus","Staphylococcus saprophyticus strain PV355097","clear, circular, pinpoint, pleomorphic plaques with ragged edges and a plaque diameter of 0.067 ± 0.023 cm","100","30","67.08 ± 24.5 virions per cell","4–37 °C","7"
"10.1128/mra.01277-25","Pseudomonas phage SW_PA2862_7_24","-","92,798 bp","49.35%","Pseudomonas phage PJNP029","icosahedral head and a contractile tail, myovirus-like morphology","Myoviridae (myovirus-like)","lytic","Manipal, India","sewage water","Pseudomonas aeruginosa","Pseudomonas aeruginosa 2862","-","-","-","-","37°C","-"
"10.1111/1751-7915.70289","P19","OM339718.1","228,239 bp","38.8%","Aeromonas phages AS-szw and vB_AdhM_TS9","Icosahedral head measuring 82.53 ± 2.3 nm and a contractile tail approximately 94.83 ± 1.9 nm in length","Family Straboviridae, Genus Ceceduovirus, Class Caudoviricetes","Lytic","Ganga river water, Prayagraj, Uttar Pradesh, India","River water","Aeromonas dhakensis","Aeromonas dhakensis CECT 5744T","Clear, dot-shaped, 1.465 ± 0.089 mm in diameter","Not reported","30 min","Approximately 50 ± 8 PFU/cell","30°C","8"
"10.1186/s12985-025-03052-7","ɸPh_AJ01","GenBank: PX061619, BioProject: PRJNA1178838","44,561 bp","38.62%","Caudoviricetes","Icosahedral head (76.5 ± 2.3 nm), long non-contractile tail (260.5 ± 2.4 nm), width (3.9 ± 0.6 nm)","Caudoviricetes","Temperate","Cooum River, Chennai, India","Water sample","Acinetobacter junii","Acinetobacter junii IS6","Distinct, clear, fray-edged, large plaques (2.6 ± 0.3 mm)","Not explicitly reported (tested 0.001–100)","20 min","74 ± 8 virions per cell","Stable across 4–50 °C","Stable across pH 2–10"
"10.1016/j.jbc.2025.111083","Not reported","Not reported","Not reported","Not reported","Not reported","Not reported","Not reported","Not reported","Not reported","spleen cells from white-spotted bamboo sharks (Chiloscyllium plagiosum)","Not reported","TG1 cells","Not reported","Not reported","Not reported","Not reported","Not reported","Not reported"
"10.1038/s41598-025-24573-9","vB_Sal_S6","PV934232","36,127","38.6","Not reported","icosahedral head of average diameter 81.88 ± 5.03 nm and a tail of 100.81 ± 0.23 nm length and tail diameter of 21.53 ± 0.54 nm","Tequintavirus genus within Demerecviridae family","Lytic","Mysuru, Karnataka, India","drainage samples","Salmonella Typhimurium","Salmonella Typhimurium ATCC 14028","clear rounded plaques","10","40","123","25–55 °C","4–10"
"10.1038/s41598-025-21701-3","RG1","PQ586903","41,364","35.54%","Siphovirus-like bacteriophage","icosahedral head with a diameter of 53.96 ± 1.56 nm and a non-contractile tail with a length of 196.0 ± 6.86 nm","genus Efemquintavirus","Lytic","Ravidas Ghat of the Ganga River in Varanasi, India","soil sample","Enterococcus faecium","E. faecium ATCC 35667","clear plaques with an average diameter of 2.1 ± 0.01 mm","0.1","10","61","4-55 °C","4 to 11"
"10.1186/s12866-025-04457-8","vB_KleM_kp20","PP993148","174032","41.94","myovirus","head (116.68 ± 4.1 nm × 87.10 ± 1.26 nm) and tail (108.81 ± 3.1 nm)","genus Slopekvirus under the Straboviridae family","Lytic","Tezpur, Assam, India","sewage water","Klebsiella michiganensis","Klebsiella michiganensis","circular, measuring approximately 6.5 ± 3.1 mm, transparent, with a halo encircling a clearer plaque center","0.1 (planktonic), 1.0 (biofilm)","10","100","4–40 °C","6–10"
"10.1038/s41598-025-23545-3","Premi","GenBank accession no. OR798392, BioProject accession no. PRJNA222858","42,785","38.7","T7-like podophages","icosahedral structure with a diameter of approximately ~ 35 nm and a short, non-contractile tail","Caudoviricetes, family Autographiviridae","Lytic","Navasota, Texas, USA","wastewater treatment plant (sewage influent)","Proteus mirabilis","ATCC 29906","uniform in size, approximately 1 mm in diameter, and exhibited virulent phage characteristics with clear plaques that have sharply defined edges","Not reported","Not reported","Not reported","Not reported","3 to 11"
"10.1038/s44298-025-00155-4","SSG23","PQ351811","168820","40.8%","Straboviridae family","prolate head with ~88.6 ± 3.62 nm in length and a long contractile tail with ~103.15 ± 3.35 nm in length","Straboviridae family, T4 virus genus","Lytic","River Ganges near Kolkata, West Bengal, India","water sample","Shigella sonnei","Shigella sonnei NK 3918","about 1 mm","10","37","195","-20 to 37 °C","7.0"
"10.1016/j.heliyon.2024.e40076","M12PA","PP668090","66,388","Not reported","Myoviridae","143.7 nm","Myoviridae","Lytic","sewage and degradable waste-contaminated soil","soil samples","Pseudomonas aeruginosa","P. aeruginosa ATCC 15442","clear lytic zone","1","Not reported","Not reported","30 to 70°C","5 to 11"
"10.1016/j.jmii.2025.08.022","KPØ1","PP350798","167148 bp","39.61","Myoviridae","105*75 nm","Caudoviricetes; Straboviridae","Lytic","Mangaluru, India","water and soil samples","Klebsiella pneumoniae","KP002","Not reported","Not reported","20","237","Not reported","Not reported"
"10.1016/j.jmii.2025.08.022","KPØ5","PP350799","176005 bp","41.95%","Myoviridae","97*87 nm","Caudoviricetes; Straboviridae","Lytic","Mangaluru, India","water and soil samples","Klebsiella pneumoniae","KP009","-","-","30","102","-","-"
"10.1016/j.jmii.2025.08.022","KPØ6","OR882092","160725 bp","46.21%","Myoviridae","106*86 nm","Caudoviricetes; Ackermannviridae","Lytic","Mangaluru, India","water and soil samples","Klebsiella pneumoniae","KP009","-","-","15","61","-","-"
"10.1016/j.jmii.2025.08.022","KPØ11","OR644643","176005 bp","41.95%","Myoviridae","98*63 nm","Caudoviricetes; Straboviridae","Lytic","Mangaluru, India","water and soil samples","Klebsiella pneumoniae","KP002","-","-","25","65","-","-"
"10.1016/j.jmii.2025.08.022","KPØ17","OR666137","165027 bp","39.65%","Myoviridae","72*50.8 nm","Caudoviricetes; Straboviridae","Lytic","Mangaluru, India","water and soil samples","Klebsiella pneumoniae","KP075","-","-","30","40","-","-"
"10.1016/j.jobcr.2025.06.024","AKP2ɸ","Not reported","Not reported","Not reported","Not reported","Not reported","Not reported","Lytic","local poultry farm","poultry samples","Enterococcus faecalis","Enterococcus faecalis (specific strain not reported)","distinct and well-defined plaques","Not reported","Not reported","Not reported","Not reported","Not reported"
"10.1186/s12985-025-02646-5","Sharanji","Not reported","350,079","34.1%","Myophage","particle size of 247.2 nm","Asteriusvirus","Lytic","Mangalagiri mandal, Andhra Pradesh, India","Chicken feces","Escherichia coli","Escherichia coli strain MG1655","Tiny plaque","1","60","96 virions per infected cell","Not reported (Stable between 4 °C to 50 °C; declines at 60 °C)","7.4"
"10.1186/s12985-025-02646-5","PCM001","Not reported","Not reported (Matches closely with 168–170 kb phages)","Not reported","Myophage","average size of 224.2 nm","Not reported","Not reported","Mangalagiri mandal, Andhra Pradesh, India","Chicken feces","Escherichia coli","Escherichia coli strain MG1655","Slightly bigger plaque","Not reported","Not reported","Not reported","Not reported","Not reported"
"10.3389/fmicb.2025.1588472","KPKp","PP791833.1","206,816 bp","39.74%","Ackermannviridae","icosahedral head with dimensions ~104.8 ± 17 nm in length and 83.6 ± 10 nm in width, along with a tail measuring 114 ± 1 nm in length and 24.3 ± 5 nm in width","Ackermannviridae","Lytic","Karaikudi, Sivaganga District, Tamil Nadu","pond","Klebsiella pneumoniae","Klebsiella pneumoniae ATCC 700603","moderate plaque formation with a surrounding halo zone","Not reported","8 min","98","Not reported 
(Range 4 - 60 °C)","Not reported 
(Range 5 - 10)"
"10.3389/fmicb.2025.1588472","KSKp","PQ306550.1","167,101 bp","39.6%","Straboviridae","icosahedral head measuring around 110.4 ± 2 nm in length and 89.2 ± 3 nm in width, coupled with a tail spanning 134.6 ± 6 nm in length and 29.5 ± 8 nm in width, adorned with tail spikes at its base","Straboviridae","Lytic","Karaikudi, Sivaganga District, Tamil Nadu","sewage","Klebsiella pneumoniae","Klebsiella pneumoniae ATCC 700603","plaques without a halo","Not reported","12 min","125","Not reported 
(Range 4 - 55 °C)","Not reported 
(Range 6 - 10)"
"10.1093/nar/gkaf662","Mycobacteriophage D29","Not reported","Not reported","Not reported","Not reported","Not reported","Mycobacteriophage","Lytic","Not reported","Not reported","Mycobacterium smegmatis, Mycobacterium tuberculosis","Mycobacterium smegmatis strain mc2155","Plaque size and host lysis timing remained unaltered in mutant compared to wildtype","1","60 min","~2-fold reduction in burst size after D29Δgp36 infection","37°C","Not reported"
"10.1038/s41598-025-12366-z","Unnamed E. coli lytic phage","Not reported","Not reported","Not reported","Not reported","Icosahedron head (76 ± 5 nm) and a non-contractile tail (128 ± 5 nm)","Caudovirales, Myoviridae","Lytic","Local medical centers (12°49’21.7” North and 80°03’01.0” East)","Hospital sewage samples","Escherichia coli","ATCC 25922","Small (1.5 mm in diameter) with clear halo","0.1","30","Not reported","Not reported","Not reported"
"10.1007/s12088-025-01450-7","Escherichia phage CMSTMSU","AXC39479.1","386,442 bp","Not reported","Siphoviridae family","head was about 220–230 nm in diameter, hexagonal in form, and non-contractile, measuring about 15 nm in diameter and 120 nm in length","Siphoviridae","Lytic","Ramanathapuram district, Tamil Nadu, India","waste effluent water from a semi-intensive shrimp farm","Escherichia coli","Not reported","Not reported","Not reported","20 to 140 min","11, 29, 75, 97, 108, and 115","40 and 50 °C","5 to 9"
"10.1128/mra.01113-21","AIIMS-Plu-RaNi","MZ926748 / PRJNA772046","46600","64.45","Not reported","icosahedral head and tail","Siphoviridae","Not reported","residential area of AIIMS, New Delhi","sewage water","Pseudomonas luteola","Not reported","clear zone","Not reported","Not reported","Not reported","37","Not reported"
"10.3389/fmicb.2022.980025","STWB21","MW567727","112,834 bp","40.37%","Siphoviridae","Icosahedral head (65 ± 3 nm), long flexible non-contractile tail (113 ± 6 nm)","Siphoviridae","Lytic","Lake water in the outskirt area about 18 km from Kolkata, West Bengal, India","Lake water","Salmonella typhi, S. paratyphi, S. typhimurium, S. enteritidis, Sh. flexneri 2a, Sh. flexneri 3a, ETEC","Salmonella typhi","Clear plaques, around 1 mm diameter","Not reported","25","161","4°C–50°C","4–11"
"10.3389/fmicb.2022.980025","STWB21","MW567727","112,834 bp","40.37%","Siphoviridae","Icosahedral head (65 ± 3 nm), long flexible non-contractile tail (113 ± 6 nm)","Siphoviridae","Lytic","Lake water in the outskirt area about 18 km from Kolkata, West Bengal, India","Lake water","Salmonella typhi, S. paratyphi, S. typhimurium, S. enteritidis, Sh. flexneri 2a, Sh. flexneri 3a, ETEC","Salmonella paratyphi","Clear plaques, around 1 mm diameter","Not reported","55","53","4°C–50°C","4–11"
"10.3389/fmicb.2022.980025","STWB21","MW567727","112,834 bp","40.37%","Siphoviridae","Icosahedral head (65 ± 3 nm), long flexible non-contractile tail (113 ± 6 nm)","Siphoviridae","Lytic","Lake water in the outskirt area about 18 km from Kolkata, West Bengal, India","Lake water","Salmonella typhi, S. paratyphi, S. typhimurium, S. enteritidis, Sh. flexneri 2a, Sh. flexneri 3a, ETEC","Salmonella typhimurium","Clear plaques, around 1 mm diameter","Not reported","50","163","4°C–50°C","4–11"
"10.3389/fmicb.2022.980025","STWB21","MW567727","112,834 bp","40.37%","Siphoviridae","Icosahedral head (65 ± 3 nm), long flexible non-contractile tail (113 ± 6 nm)","Siphoviridae","Lytic","Lake water in the outskirt area about 18 km from Kolkata, West Bengal, India","Lake water","Salmonella typhi, S. paratyphi, S. typhimurium, S. enteritidis, Sh. flexneri 2a, Sh. flexneri 3a, ETEC","Salmonella enteritidis","Clear plaques, around 1 mm diameter","Not reported","35","224","4°C–50°C","4–11"
"10.1038/s41598-022-24134-4","ϕPh_SE03","Not reported","Not reported","Not reported","Caudoviricetes","capsid diameter of 58 nm and a tail length of 129 nm","Caudoviricetes","Lytic","effluent treatment plant (ETP) at the School of Biotechnology, Amrita Vishwa Vidyapeetham, Kerala, India","domestic wastewater","Salmonella enterica","Escherichia coli ST155","large, clear and well-defined plaques","Not reported","10","166 ± 10","37","Not reported"
"10.1038/s41598-022-24134-4","ϕPh_SD01","Not reported","Not reported","Not reported","Caudoviricetes","capsid diameter of 66 nm and a tail length of 112 nm","Caudoviricetes","Lytic","effluent treatment plant (ETP) at the School of Biotechnology, Amrita Vishwa Vidyapeetham, Kerala, India","domestic wastewater","Shigella dysenteriae","Escherichia coli ST155","medium-sized plaques with frayed edges","10","30","122 ± 31","37","Not reported"
"10.1038/s41598-022-24134-4","ϕPh_EC01","Not reported","Not reported","Not reported","Caudoviricetes","capsid diameter of 63 nm and a tail length of 116 nm","Caudoviricetes","Lytic","effluent treatment plant (ETP) at the School of Biotechnology, Amrita Vishwa Vidyapeetham, Kerala, India","domestic wastewater","E. coli MDR","Escherichia coli ST155","pinhead clear plaques","10","10","44 ± 8.3","37","Not reported"
"10.1038/s41598-022-25257-4","VLGREEWSTSYW-M13","Not reported","Not reported","Not reported","Not reported","Not reported","M13 phage","Engineered","Not reported","Not reported","Not applicable (targets EGFRvIII receptor on human cells)","Escherichia coli ER2738","Not reported","Not reported","Not reported","Not reported","Not reported","Not reported"
"10.1038/s41598-022-25257-4","YDADMFYMKTNM-M13","Not reported","Not reported","Not reported","Not reported","Not reported","M13 phage","Engineered","Not reported","Not reported","Not applicable (targets EGFRvIII receptor on human cells)","Escherichia coli ER2738","Not reported","Not reported","Not reported","Not reported","Not reported","Not reported"
"10.1038/s41598-022-25257-4","LEKGNTLSTSTV-M13","Not reported","Not reported","Not reported","Not reported","Not reported","M13 phage","Engineered","Not reported","Not reported","Not applicable (targets EGFRvIII receptor on human cells)","Escherichia coli ER2738","Not reported","Not reported","Not reported","Not reported","Not reported","Not reported"
"10.1038/s41598-022-25257-4","NPIVRSAEDGQL-M13","Not reported","Not reported","Not reported","Not reported","Not reported","M13 phage","Engineered","Not reported","Not reported","Not applicable (targets EGFRvIII receptor on human cells)","Escherichia coli ER2738","Not reported","Not reported","Not reported","Not reported","Not reported","Not reported"
"10.1038/s41598-022-25257-4","NESGITRIALQD-M13","Not reported","Not reported","Not reported","Not reported","Not reported","M13 phage","Engineered","Not reported","Not reported","Not applicable (targets EGFRvIII receptor on human cells)","Escherichia coli ER2738","Not reported","Not reported","Not reported","Not reported","Not reported","Not reported"
"10.3389/fmicb.2023.1084025","vB_XooS_NR08","OQ055246; PRJNA844261","98,812","52.9","Siphoviridae","56.84 ± 2.58 nm head width, 58.72 ± 2.16 nm head length, and 156.42 ± 8.63 nm long non-contractile tail","Siphoviridae","Lytic","Durg, CG (21.190449 N 81.284920 E)","Rice field Water","Xanthomonas oryzae pv. oryzae","XooCG01","1–2 mm, Clear","0.1","40","250","4°C–40°C","6–8"
"10.1038/s42003-023-04718-0","SrNaFLD-T7Select 10-3b phage","Not reported","Not reported","Not reported","Not reported","Not reported","Not reported","Engineered","Not reported","Not reported","Streptosporangium roseum","E. coli strain BL5403 (propagation); E. coli BL21/pAR3924,5453 and BL24/pAR3924,5453 (packaging/propagation)","Not reported","Not reported","Not reported","Not reported","Not reported","Not reported"
"10.4103/ijmr.IJMR_355_21","AIIMS-Ab-A4","Not reported","Not reported","Not reported","Caudovirales","Hexagonal head (57.66±1.11 nm) and long tail (151.74±1.15 nm)","Caudovirales","Lytic","Parmat Ghat, Kanpur, Uttar Pradesh","Ganga water","Acinetobacter baumannii","Acinetobacter baumannii AIIMS-17","Circular clear plaques of 1-2 mm in diameter","Not reported","Not reported","Not reported","Not reported","Not reported"
"10.4103/ijmr.IJMR_355_21","AIIMS-Ab-A5","Not reported","Not reported","Not reported","Caudovirales","Hexagonal head (64.08±1.21 nm) and long tail (192.43±2.21 nm)","Caudovirales","Lytic","Bhairav Ghat, Kanpur, Uttar Pradesh","Ganga water","Acinetobacter baumannii","Acinetobacter baumannii AIIMS-17","Circular clear plaques of 1-2 mm in diameter","Not reported","Not reported","Not reported","Not reported","Not reported"
"10.4103/ijmr.IJMR_355_21","AIIMS-Ab-A6","Not reported","Not reported","Not reported","Caudovirales","AIIMS-Ab-A6-(A): Head 66.03±0.84 nm, Tail 208.66±7.02 nm; AIIMS-Ab-A6-(B): Head 67.36±1.18 nm, Tail 154.63±0.53 nm","Caudovirales","Lytic","Gola Ghat, Kanpur, Uttar Pradesh","Ganga water","Acinetobacter baumannii","Acinetobacter baumannii AIIMS-17","Circular clear plaques of 1-2 mm in diameter","Not reported","Not reported","Not reported","Not reported","Not reported"
"10.4103/ijmr.IJMR_355_21","AIIMS-Ab-A7","Not reported","Not reported","Not reported","Caudovirales","Hexagonal head (64.51±0.69 nm) and long tail (146.58±2.42 nm)","Caudovirales","Lytic","Sarsaiya Ghat, Kanpur, Uttar Pradesh","Ganga water","Acinetobacter baumannii","Acinetobacter baumannii AIIMS-17","Circular clear plaques of 1-2 mm in diameter","Not reported","Not reported","Not reported","Not reported","Not reported"
"10.4103/ijmr.IJMR_355_21","AIIMS-Ab-A8-1","Not reported","Not reported","Not reported","Caudovirales","Hexagonal head (58.94±0.76 nm) and long tail (142.46±1.83 nm)","Caudovirales","Lytic","Bhagwatdas Ghat, Kanpur, Uttar Pradesh","Ganga water","Acinetobacter baumannii","Acinetobacter baumannii AIIMS-17","Circular clear plaques of 1-2 mm in diameter","Not reported","Not reported","Not reported","Not reported","Not reported"
"10.4103/ijmr.IJMR_355_21","AIIMS-Ab-A8-2","Not reported","Not reported","Not reported","Caudovirales","Hexagonal head (73.67±0.43 nm) and long tail (144.92±0.56 nm)","Caudovirales","Lytic","Bhagwatdas Ghat, Kanpur, Uttar Pradesh","Ganga water","Acinetobacter baumannii","Acinetobacter baumannii AIIMS-17","Circular clear plaques of 1-2 mm in diameter","Not reported","Not reported","Not reported","Not reported","Not reported"
"10.4103/ijmr.IJMR_355_21","AIIMS-Ab-A8-3","Not reported","Not reported","Not reported","Caudovirales","Hexagonal head (69.83±0.52 nm) and long tail (147.78±2.51 nm)","Caudovirales","Lytic","Bhagwatdas Ghat, Kanpur, Uttar Pradesh","Ganga water","Acinetobacter baumannii","Acinetobacter baumannii AIIMS-17","Circular clear plaques of 1-2 mm in diameter","Not reported","Not reported","Not reported","Not reported","Not reported"
"10.1128/mra.01209-23","TANUVAS_MVC-VPHSA1","Not reported","50,505 bp","41.4%","Not reported","icosahedral-shaped heads and non-contractile, flexible tails; head diameter 50–55nm","Caudoviricetes","Lytic","Chennai, India","Hospital treatment plant","Staphylococcus aureus","Staphylococcus aureus strain ATCC 25923","irregular corrugated","Not reported","Not reported","Not reported","Not reported","Not reported"
"10.1128/mra.01209-23","TANUVAS_MVC-VPHSA2","Not reported","50,516 bp","41.4%","Not reported","icosahedral-shaped heads and non-contractile, flexible tails; head diameter 60–65nm","Caudoviricetes","Lytic","Chennai, India","Slaughter house treatment plant","Staphylococcus aureus","Staphylococcus aureus strain ATCC 25923","clear round","Not reported","Not reported","Not reported","Not reported","Not reported"
"10.3389/fmicb.2024.1391777","vB_SalP_792","OR978128","37,281","51%","T7-like morphotype","icosahedral head of approximately 45 ± 5.0 nm in diameter and a very short tail","Autographiviridae family, unclassified Kayfunavirus genus","Lytic","Vellore area (12°58′12.2″ N 79°09′33.9″ E)","sewage water","Salmonella enterica","Sal_01","round, lytic, and have a diameter of 5 mm","0.0001 to 100","5-7","50","40","7"
"10.3389/fmicb.2024.1397447","MKP-1","PP627509","49,781","51.05","siphovirus","hexagonal head of ~65 nm in length and ~55 nm in width, attached to a long non-contractile tail of length ~170 nm and breath of ~5 nm","class Caudoviricetes, Webevirus family","Lytic","Mithi River, Mumbai","sewage sample","Klebsiella pneumoniae","Klebsiella pneumoniae strain MTCC 618","clear, big, round plaque, approximately 3.5 mm in diameter","10","40","260","37","3–12"
"10.1111/j.1574-6968.1995.tb07756.x","φ O139","Not reported","35000","58.8","Not reported","polyhedral head 65 nm in diameter and a rigid contractile tail 120 nm in length","Myoviridae family, species Kappa, morphotype A1","Temperate","Different parts of the Indian subcontinent","Vibrio cholerae O139","Vibrio cholerae","V. cholerae O139, B02 strain","Not reported","Not reported","Not reported","Not reported","Not reported","Not reported"
"10.1590/S1517-838220120001000042","Phage #5","Not reported","80000","Not reported","T4 bacteriophage","84nm","Not reported","Lytic","Sewage treatment plant located in Sulur, Coimbatore, India","Sewage","Pseudomonas fluorescens","Pfsw-13, Pfsw-15","2 mm, clear","Not reported","Not reported","Not reported","Not reported","Not reported"
"10.1590/S1517-838220120001000042","Phage #1","Not reported","Not reported","Not reported","Not reported","Not reported","Not reported","Lytic","Sewage treatment plant, Sulur, Coimbatore, India","Sewage","Pseudomonas fluorescens","Pfsw-13, Pfsw-15","2 mm, clear","Not reported","Not reported","Not reported","Not reported","Not reported"
"10.1590/S1517-838220120001000042","Phage #2","Not reported","Not reported","Not reported","Not reported","Not reported","Not reported","Lytic","Sewage treatment plant, Sulur, Coimbatore, India","Sewage","Pseudomonas fluorescens","Pfsw-13, Pfsw-15","5 mm, turbid","Not reported","Not reported","Not reported","Not reported","Not reported"
"10.1590/S1517-838220120001000042","Phage #3","Not reported","Not reported","Not reported","Not reported","Not reported","Not reported","Lytic","Sewage treatment plant, Sulur, Coimbatore, India","Sewage","Pseudomonas fluorescens","Pfsw-13, Pfsw-15","3 mm, turbid","Not reported","Not reported","Not reported","Not reported","Not reported"
"10.1590/S1517-838220120001000042","Phage #4","Not reported","Not reported","Not reported","Not reported","Not reported","Not reported","Lytic","Sewage treatment plant, Sulur, Coimbatore, India","Sewage","Pseudomonas fluorescens","Pfsw-13, Pfsw-15","1 mm, clear","Not reported","Not reported","Not reported","Not reported","Not reported"
"10.1590/S1517-838220120001000042","Phage #6","Not reported","Not reported","Not reported","Not reported","Not reported","Not reported","Lytic","Sewage treatment plant, Sulur, Coimbatore, India","Sewage","Pseudomonas fluorescens","Pfsw-13, Pfsw-15","2 mm, clear","Not reported","Not reported","Not reported","Not reported","Not reported"
"10.1590/S1517-838220120001000042","Phage #7","Not reported","Not reported","Not reported","Not reported","Not reported","Not reported","Lytic","Sewage treatment plant, Sulur, Coimbatore, India","Sewage","Pseudomonas fluorescens","Pfsw-13, Pfsw-15","1 mm, clear","Not reported","Not reported","Not reported","Not reported","Not reported"
"10.1371/journal.pone.0108376","Salmonella phage phi68","KJ475444 (Lys68 gene)","Not reported","Not reported","Not reported","Not reported","Salmonella phage","Lytic","Poultry farm (Braga, Portugal)","Faeces","Salmonella enterica serovar Typhimurium LT2","E. coli BL21(DE3)","Not reported","Not reported","Not reported","Not reported","37°C","7.0"
"10.1128/mSphere.01215-20","vB_Pae_AM.P2","GenBank accession no. MT416090; BioProject no. PRJNA629366","73,308","53.54","Podoviridae","716 Å and 235 Å","Podoviridae","Lytic","Kollam, Kerala, India","sewage wastewater","Pseudomonas aeruginosa","PAO1","5-mm diameter with clear centers and turbid edges","10","20","Not reported","37","Not reported"
"Not reported","lambda lysogen cI857tsSam7","Not reported","Not reported","Not reported","Not reported","Not reported","Not reported","Lysogenic","Not reported","Not reported","Escherichia coli","Escherichia coli","Not reported","Not reported","Not reported","Not reported","Not reported","Not reported"
"10.3390/v13122365","Escherichia virus spp.","Not reported","Not reported","Not reported","Not reported","Not reported","Not reported","Not reported","Tocantins, Maranhão, and Pará, Brazil","Human fecal samples","Escherichia","Not reported","Not reported","Not reported","Not reported","Not reported","Not reported","Not reported"
"10.3390/v13122365","Lactococcus virus spp.","Not reported","Not reported","Not reported","Not reported","Not reported","Not reported","Not reported","Tocantins, Maranhão, and Pará, Brazil","Human fecal samples","Lactococcus","Not reported","Not reported","Not reported","Not reported","Not reported","Not reported","Not reported"
"10.3390/v13122365","Streptococcus virus spp.","Not reported","Not reported","Not reported","Not reported","Not reported","Not reported","Not reported","Tocantins, Maranhão, and Pará, Brazil","Human fecal samples","Streptococcus","Not reported","Not reported","Not reported","Not reported","Not reported","Not reported","Not reported"
"10.1128/MRA.01043-21","Kaya","MZ927745.1","43,067","54","Not reported","Not reported","Siphoviridae","Lytic","Haining, China","Water","Pseudomonas aeruginosa","2081","Not reported","Not reported","Not reported","Not reported","Not reported","Not reported"
"10.1128/MRA.01043-21","Guyu","MZ927746","43,141","55","Not reported","Not reported","Siphoviridae","Lytic","Haining, China","Water","Pseudomonas aeruginosa","2072","Not reported","Not reported","Not reported","Not reported","Not reported","Not reported"
"10.1128/MRA.01043-21","Kopi","OK330455.1","42,820","53","Not reported","Not reported","Siphoviridae","Lytic","Haining, China","Water","Pseudomonas aeruginosa","2072","Not reported","Not reported","Not reported","Not reported","Not reported","Not reported"
"10.1128/MRA.01043-21","TehO","OK330456.1","43,015","54","Not reported","Not reported","Siphoviridae","Lytic","Haining, China","Water","Pseudomonas aeruginosa","2081","Not reported","Not reported","Not reported","Not reported","Not reported","Not reported"
"10.1016/j.ijbiomac.2017.12.052","• P1
• P3
• P12","Not reported","Not reported","Not reported","Not reported","Not reported","Not reported","Lytic","Not reported","sewage water","Escherichia coli","E. coli ET","Not reported","Not reported","Not reported","Not reported","37 °C","Not reported"
"10.1016/j.tube.2008.02.007","Che12","DQ398043","Not reported","Not reported","L5, D29 and TM4","isometric and icosahedral","Not reported","temperate","tuberculosis sanatorium area in Chennai, India","soil samples","Mycobacterium tuberculosis","M. smegmatis mc2155","clear on M. smegmatis mc2155 lawn after overnight incubation, turning turbid with the appearance of alternate rings on further incubation","Not reported","Not reported","Not reported","37°C","Not reported"
"10.3389/fmicb.2021.649334","TCUEAP1","Not reported","Not reported","Not reported","Not reported","Not reported","Not reported","Not reported","Not reported","outlets from the hospitals","Elizabethkingia anophelis","Not reported","Not reported","Not reported","Not reported","Not reported","Not reported","Not reported"
"10.3389/fmicb.2021.649334","MIJ3","Not reported","Not reported","Not reported","Not reported","Not reported","Not reported","Not reported","Not reported","Not reported","Pseudomonas aeruginosa","Not reported","Not reported","Not reported","Not reported","Not reported","Not reported","Not reported"
"10.3389/fmicb.2021.649334","DLP3","Not reported","Not reported","Not reported","Not reported","Not reported","Delepquintavirus","Lytic","Not reported","soil","Stenotrophomonas maltophilia","Not reported","Not reported","Not reported","Not reported","Not reported","Not reported","Not reported"
"10.3389/fmicb.2021.649334","Mic1","Not reported","Not reported","Not reported","Not reported","long-tailed","cyanophage","Not reported","Lake Chaohu","Not reported","Microcystis aeruginosa","Not reported","Not reported","Not reported","Not reported","Not reported","Not reported","Not reported"
"10.3389/fmicb.2021.649334","vB_AbaM_IME285","Not reported","Not reported","Not reported","Not reported","Not reported","Not reported","Not reported","Not reported","Not reported","Acinetobacter baumannii","Not reported","Not reported","Not reported","Not reported","Not reported","Not reported","Not reported"
"10.3389/fmicb.2021.649334","P545","Not reported","Not reported","Not reported","Not reported","Not reported","Myoviridae","Not reported","Not reported","Not reported","Klebsiella pneumoniae","Not reported","Not reported","Not reported","Not reported","Not reported","Not reported","Not reported"
"10.3389/fmicb.2021.649334","X1","Not reported","Not reported","Not reported","Not reported","Not reported","Yersinia phage","Not reported","Not reported","Not reported","Yersinia enterocolitica","Not reported","Not reported","Not reported","Not reported","Not reported","Not reported","Not reported"
"10.3389/fmicb.2021.649334","vB_EfaS_HEf13","Not reported","Not reported","Not reported","Not reported","Not reported","Not reported","Lytic","Not reported","Not reported","Enterococcus faecalis","Not reported","Not reported","Not reported","Not reported","Not reported","Not reported","Not reported"
"10.3389/fmicb.2021.649334","EspM4VN","Not reported","Not reported","Not reported","Not reported","Not reported","Not reported","Not reported","Not reported","Not reported","Enterobacter spp.","Not reported","Not reported","Not reported","Not reported","Not reported","Not reported","Not reported,optimal_temperature_c:"
"10.3389/fmicb.2021.649334","PP99","Not reported","Not reported","Not reported","Not reported","Not reported","Not reported","Not reported","Not reported","Not reported","Pectobacterium brasiliense","Not reported","Not reported","Not reported","Not reported","Not reported","Not reported","Not reported"
"10.3389/fmicb.2021.649334","PP101","Not reported","Not reported","Not reported","Not reported","Not reported","Not reported","Not reported","Not reported","Not reported","Pectobacterium brasiliense","Not reported","Not reported","Not reported","Not reported","Not reported","Not reported","Not reported"
"10.3389/fmicb.2021.649334","D29","Not reported","Not reported","Not reported","Not reported","Not reported","Mycobacteriophage","Not reported","Not reported","Not reported","Mycobacterium tuberculosis","Not reported","Not reported","Not reported","Not reported","Not reported","Not reported","Not reported"
"10.1007/s12088-021-00934-6","AMN1, AMN3, PL1, V2, V4, V6","Not reported","5,000–6,000 bp","Not reported","Not reported","Not reported","Not reported","Lytic","Inland saline shrimp culture farms in Punjab and Haryana","Water samples","Vibrio parahaemolyticus","Vibrio parahaemolyticus host isolate Vp25","Not reported","Not reported","Not reported","Not reported","Not reported","Not reported"
"10.1007/s12088-021-00934-6","AMN2, FT3, KD1","Not reported","Not reported","Not reported","Not reported","Not reported","Not reported","Lytic","Inland saline shrimp culture farms in Punjab and Haryana","Water samples","Vibrio parahaemolyticus","Vibrio parahaemolyticus host isolate Vp7PE","Not reported","Not reported","Not reported","Not reported","Not reported","Not reported"
"10.1007/s12088-021-00934-6","FT2, V1","Not reported","20,000–21,000 bp","Not reported","Not reported","Not reported","Not reported","Lytic","Inland saline shrimp culture farms in Punjab and Haryana","Water samples","Vibrio parahaemolyticus","Vibrio parahaemolyticus host isolate Vp7PE","Not reported","Not reported","Not reported","Not reported","Not reported","Not reported"
"10.1007/s12088-021-00934-6","V5","Not reported","5,000–6,000 bp","Not reported","Filamentous","Diameter 9.10 ± 2.15 nm, length 1,194 ± 40.46 nm","Inoviridae","Lytic","Inland saline shrimp culture farms in Punjab and Haryana","Water samples","Vibrio parahaemolyticus","Vibrio parahaemolyticus host isolate Vp25","Not reported","100","Not reported","Not reported","Not reported","Not reported"
"10.1038/s41598-021-98457-z","DRL-P1","MN564818","66,243 bp","54.9%","Myoviridae","Average particle length (head to base plate): 197.47 ± 1.72 nm, head diameter: 68.89 ± 2.37 nm, head length: 93.03 ± 2.85 nm, tail length: 94.54 ± 2.52 nm, tail diameter: 16.82 ± 1.80 nm, base-plate diameter: 27.92 ± 3.03 nm","Genus Pbunavirus, Family Myoviridae","Lytic","Tezpur, Assam, India (26° 39′ 4.3848″ N and 92° 47′ 1.7268″ E)","Wastewater","Pseudomonas aeruginosa","Pseudomonas aeruginosa (isolated from wastewater/Cetrimide agar)","Small but clear plaques of approximately 2 ± 0.23 mm diameter","Tested range: 0.001 to 100 (MOI 0.1 used for growth kinetics; MOI 1.0 optimal for decontamination; MOI 10 optimal for biofilm degradation)","30 min","100 PFU per infected cell","37 °C (standard incubation/propagation temperature; stable from 4 °C to 50 °C)","6.0 - 8.0"
"10.1016/j.bpj.2017.08.043","T4 phage","Not reported","Not reported","Not reported","Not reported","Not reported","Not reported","Not reported","Not reported","Not reported","Not reported","Not reported","Not reported","Not reported","Not reported","Not reported","Not reported","Not reported"
"10.1016/j.micres.2019.126300","vB_Psp.S_PRɸL2","Not reported","25.403 kb","Not reported","Siphoviridae","isometric head of 72 nm and an extremely long, more of the less flexible tail of about 383 x 12 nm","Siphoviridae","Lytic","Pavana river, Pimpri, Pune","river water","Pseudomonas sp.","Pseudomonas sp. SK 10","circular","0.1","20 min","85 ( ± 4)","4 to 50 °C","6–9"
"10.1016/j.micres.2019.126300","vB_Psp.M_SSɸL8","Not reported","29.877 kb","Not reported","Myoviridae","isometric head of 59 nm and a contractile tail of 101 x 17 nm in the extended state","Myoviridae","Lytic","Solapur Soil (blight infested pomegranate orchard), Solapur","soil","Pseudomonas sp.","Pseudomonas sp. SK 10","circular","0.01","10–20 min","24 ( ± 5)","4 to 50 °C","4–8"
"10.1155/2014/151952","NOC1","KF879861","34189","56.70","Not reported","Not reported","Not reported","Lytic","Dairy industry ETP, Nagpur, India","Wastewater","Nocardia rhodochrous","Nocardia rhodochrous","Clear plaques","Not reported","Not reported","Not reported","30","Not reported"
"10.1155/2014/151952","NOC2","KF879862","28456","61.17","Not reported","Not reported","Not reported","Lytic","ETP, Nagpur, India","Wastewater","Nocardia amarae, Nocardia pinensis","Nocardia amarae, Nocardia pinensis","Clear plaques","Not reported","Not reported","Not reported","30","Not reported"
"10.1155/2014/151952","NOC3","KF879863","28465","67.49","Not reported","Not reported","Not reported","Lytic","Dairy industry ETP, Nagpur, India","Wastewater","Nocardia pinensis","Nocardia pinensis","Clear plaques","Not reported","Not reported","Not reported","30","Not reported"
"10.3389/fmicb.2019.01876","Sfin-1","MF468274","50,403","45.2","Siphoviridae","isometric head (61 nm) and a non-contractile tail (155 nm)","Siphoviridae","Lytic","River Ganges, near Serampore, Hooghly district, West Bengal, India","Water sample","Shigella flexneri","Shigella flexneri 2a (1A)","clear lytic plaques with size ranging from 1.5 to 2.0 mm in diameter and well defined boundaries","0.1","5","27-28","37","7.0"
"10.3389/fmicb.2019.01876","Sfin-1","MF468274","50,403","45.2","Siphoviridae","isometric head (61 nm) and a non-contractile tail (155 nm)","Siphoviridae","Lytic","River Ganges, near Serampore, Hooghly district, West Bengal, India","Water sample","Shigella dysenteriae","Shigella dysenteriae 1 (1A) (Strain ID BCH5762)","clear lytic plaques with size ranging from 1.5 to 2.0 mm in diameter and well defined boundaries","0.1","5","127-28","37","7.0"
"10.3389/fmicb.2019.01876","Sfin-1","MF468274","50,403","45.2","Siphoviridae","isometric head (61 nm) and a non-contractile tail (155 nm)","Siphoviridae","Lytic","River Ganges, near Serampore, Hooghly district, West Bengal, India","Water sample","Shigella sonnei","Shigella sonnei (strain ID BCH7084)","clear lytic plaques with size ranging from 1.5 to 2.0 mm in diameter and well defined boundaries","0.1","10","146","37","7.0"
"10.3389/fmicb.2019.00574","Escherichia virus myPSH2311","MG976803","68,712","42.4","Phieco32virus","icosahedral head of 33 ± 3.0 nm, a non-contractile tail length of 65 ± 2.5 nm","Phieco32virus","Lytic","Tamil Nadu, India","sewage water samples","Escherichia coli","E. coli ec311","Not reported","0.001","26","110","37","4-11"
"10.3389/fmicb.2019.00574","Klebsiella virus myPSH1235","MG972768","45,135","53.7","Podoviridae","icosahedral head of 80 ± 4.5 nm and very short non-contractile tail","Podoviridae","Lytic","Tamil Nadu, India","sewage water samples","Klebsiella pneumoniae","K. pneumoniae kp235","Not reported","0.001","40","120","37","4-11"
"10.3389/fmicb.2019.00574","Enterobacter virus myPSH1140","MG999954","172,614","39.9","Myoviridae","elongated head of approximately 80 ± 2.0 nm and long contractile tail of 101 ± 3.5 nm","Myoviridae","Lytic","Tamil Nadu, India","sewage water samples","Enterobacter species","E. cloacae el140","Not reported","0.001","11","135","37","4-11"
"10.14202/vetworld.2017.973-978","BsHR1","Not reported","Not reported","Not reported","Not reported","Not reported","Not reported","Lytic","Dairy cattle farm and buffalo farm, Anjora, Durg, Chhattisgarh, India","Animal waste disposal","Bacillus subtilis","Bacillus subtilis","Small sized pin headed, clear plaque","Not reported","Not reported","Not reported","Not reported","5-9"
"10.14202/vetworld.2017.973-978","BsHR2","Not reported","Not reported","Not reported","Not reported","Not reported","Not reported","Lytic","Dairy cattle farm and buffalo farm, Anjora, Durg, Chhattisgarh, India","Animal waste disposal","Bacillus subtilis","Bacillus subtilis","Small sized diffused/opaque plaque","Not reported","Not reported","Not reported","Not reported","5-9"
"10.14202/vetworld.2017.973-978","BsHR3","Not reported","Not reported","Not reported","Not reported","Not reported","Not reported","Lytic","Dairy cattle farm and buffalo farm, Anjora, Durg, Chhattisgarh, India","Animal waste disposal","Bacillus subtilis","Bacillus subtilis","Large sized clear plaque","Not reported","Not reported","Not reported","Not reported","5-9"
"10.14202/vetworld.2017.973-978","EHR1","Not reported","Not reported","Not reported","Not reported","Not reported","Not reported","Lytic","Dairy cattle farm and buffalo farm, Anjora, Durg, Chhattisgarh, India","Animal waste disposal","Escherichia coli","Escherichia coli","Small sized, clear plaque","Not reported","Not reported","Not reported","Not reported","5-9"
"10.14202/vetworld.2017.973-978","EHR2","Not reported","Not reported","Not reported","Not reported","Not reported","Not reported","Lytic","Dairy cattle farm and buffalo farm, Anjora, Durg, Chhattisgarh, India","Animal waste disposal","Escherichia coli","Escherichia coli","Large sized diffused plaques","Not reported","Not reported","Not reported","Not reported","5-9"
"10.14202/vetworld.2017.973-978","EHR3","Not reported","Not reported","Not reported","Not reported","Not reported","Not reported","Lytic","Dairy cattle farm and buffalo farm, Anjora, Durg, Chhattisgarh, India","Animal waste disposal","Escherichia coli","Escherichia coli","Elevated types haloed plaques","Not reported","Not reported","Not reported","Not reported","5-9"
"10.4103/jgid.jgid_37_17","A2, A10, A12, A13","Not reported","Not reported","Not reported","podophage","isometric heads (~48–67 nm) and short stubby tails (~12–17 nm)","podophage","Lytic","Kolkata, India","sewage water","Vibrio cholerae","V. cholerae MAK 757","large clear plaques","Not reported","Not reported","Not reported","4, 37, and 45°C","7.0 and 8.0"
"10.4103/jgid.jgid_37_17","A4","Not reported","Not reported","Not reported","myophage","isometric head (~80 nm) and contractile tail (~108 nm)","myophage","Lytic","Kolkata, India","sewage water","Vibrio cholerae","V. cholerae MAK 757","small clear plaques","Not reported","Not reported","Not reported","4, 37, and 45°C","7.0 and 8.0"
"10.1371/journal.pone.0179245","PA DP4","Not reported (Ambiguous: Paper provides a single accession for 'sequencing data')","Not reported","Not reported","Not reported","Not reported","Not reported","Lytic","Rajiv Gandhi Institute of Medical Science (RIMS), Kadapa, A.P.","Sewage water","Pseudomonas aeruginosa","MDR-P. aeruginosa","numerous small and circular shaped plaques","1 and 10","Not reported","Not reported","37°C","Not reported"
"10.1371/journal.pone.0179245","KP DP1","Not reported (Ambiguous: Paper provides a single accession for 'sequencing data')","Not reported","Not reported","Not reported","Not reported","Not reported","Lytic","Rajiv Gandhi Institute of Medical Science (RIMS), Kadapa, A.P.","Sewage water","Klebsiella pneumoniae","MDR-K. pneumoniae","plaque sizes ranging from small to large with circular shapes","1 and 10","Not reported","Not reported","37°C","Not reported"
"10.1371/journal.pone.0179245","SA DP1","Not reported (Ambiguous: Paper provides a single accession for 'sequencing data')","Not reported","Not reported","Not reported","Not reported","Not reported","Lytic","Rajiv Gandhi Institute of Medical Science (RIMS), Kadapa, A.P.","Sewage water","Staphylococcus aureus","MDR-S. aureus","well demarcated isolated big plaques","1 and 10","Not reported","Not reported","37°C","Not reported"
"10.1371/journal.pone.0179245","EC DP3","Not reported (Ambiguous: Paper provides a single accession for 'sequencing data')","Not reported","Not reported","Not reported","Not reported","Not reported","Lytic","Rajiv Gandhi Institute of Medical Science (RIMS), Kadapa, A.P.","Sewage water","Escherichia coli","MDR-E. coli","multiple small and irregular elongated plaques","1 and 10","Not reported","Not reported","37°C","Not reported"
"10.4103/jgid.jgid_110_19","Not reported","Not reported","Not reported","Not reported","Siphoviridae family","hexagonal head about 73 nm in diameter and a 100 nm long-tail","Siphoviridae","Lytic","sewage effluent of Panjab University, Chandigarh","sewage water","Enterococcus faecalis","E. faecalis ATCC29212","clear plaque","Not reported","Not reported","Not reported","37°C","Not reported"
"10.4103/0970-0218.45385","Not disclosed in abstract (Requires full PDF)","Not disclosed in abstract (Requires full PDF)","Not disclosed in abstract (Requires full PDF)","Not disclosed in abstract (Requires full PDF)","Not disclosed in abstract (Requires full PDF)","Not disclosed in abstract (Requires full PDF)","Not disclosed in abstract (Requires full PDF)","Not disclosed in abstract (Requires full PDF)","Mumbai","Not disclosed in abstract (Requires full PDF)","Vibrio cholerae","Not disclosed in abstract (Requires full PDF)","Not disclosed in abstract (Requires full PDF)","Not disclosed in abstract (Requires full PDF)","Not disclosed in abstract (Requires full PDF)","Not disclosed in abstract (Requires full PDF)","Not disclosed in abstract (Requires full PDF)","Not disclosed in abstract (Requires full PDF)"
"10.1371/journal.pone.0206278","Escherichia phage myPSH1131","KJ101592","76,163","42.3","Escherichia phage SU10, phiEco32 and NJ01","icosahedral head of approximately 45±5.0 nm and long non-contractile tail of approximately 95±5.0 nm in length","Podoviridae","Lytic","Ganges River near Varanasi region","water samples","Escherichia coli","E. coli PSH131","clear plaques","0.001","20","130 ± 10","37","3 to 13"
"10.1038/s41598-021-01419-8","2019SD1","MT360681","53150","44.5","Not reported","icosahedral capsid (60 nm dia) and a 140 nm long tail","genus Hanrivervirus of subfamily Tempevirinae under the family Drexlerviridae","Lytic","Atrauli, Aligarh, Uttar Pradesh, India","sewage water","Shigella dysenteriae, Escherichia coli, Vibrio cholerae, Enterococcus saccharolyticus and Enterococcus faecium","Shigella dysenteriae type 1","clear plaques of ~ 2.5 mm diameter","0.1","20","151","37","7.0"
"10.1016/j.nmni.2017.08.005","ΦIND772PVL","Not reported","Not reported","Not reported","Not reported","Not reported","Not reported","Lysogenic","South India","MRSA isolates from patients with sepsis","Staphylococcus aureus","ST772-MRSA-V","Not reported","Not reported","Not reported","Not reported","Not reported","Not reported"
"10.1016/j.nmni.2017.08.005","ΦPVL","Not reported","Not reported","Not reported","Not reported","Not reported","Not reported","Lysogenic","South India","MRSA isolates from patients with sepsis","Staphylococcus aureus","ST22-MRSA-IV, ST2371-MRSA-I/V","Not reported","Not reported","Not reported","Not reported","Not reported","Not reported"
"10.1038/s41598-021-98910-z","Sfk20","MW341595","164,878","35.62","T4 myoviridae bacteriophage group","prolate head of 91.08 ± 4.92 nm (length), 62.34 ± 4.82 nm (width), and a long contractile tail with 99.59 ± 4.92 nm (length) 18.66 ± 2.52 nm width","Myoviridae family, Caudovirales order","Lytic","Kolkata (India)","water bodies of a diarrheal outbreak area","Shigella flexneri, Shigella sonnei, and Shigella dysenteriae","Shigella flexneri 2a 2457T","clear plaques","0.1","20","123","4","7–9"
"10.1186/1746-6148-9-264","Pseudomonas phage MBL","KC969441","42519","Not reported","Not reported","Not reported","Not reported","Lytic","Not reported","wastewater","Pseudomonas aeruginosa","Clarias gariepinus","Not reported","Not reported","Not reported","Not reported","Not reported","Not reported"
"10.3389/fmicb.2021.644013","HCF1","MN545971","45800","44.5","Drexlerviridae family","icosahedral head of 66 ± 6 nm dia and a tail of 233 ± 4 nm dia","Tempevirinae subfamily of the Drexlerviridae family","Lytic","Defence Research and Development Establishment (DRDE) campus (26°19′ N, 78°17′ E), Gwalior, India","sewage water","Citrobacter amalonaticus and Citrobacter freundii","Citrobacter amalonaticus NAIMCC 1364","conspicuous plaques with a diameter of about 4 mm","10 (5 h) and 100 (4 h)","30","121","37","7.0"
"10.3389/fmicb.2019.02461","MK-13","MK509462","158,755 bp","49.45%","ΦSboM-AG3","icosahedral head (85 nm diameter), long contractile tail (110 nm long, 15 nm diameter)","Myoviridae","Lytic","Dhaka City, Bangladesh","environmental water samples","Shigella boydii","S. boydii type 1, K-473","completely clear plaques with outer turbid zone and about 3 mm diameter","Not reported","Not reported","Not reported","37°C","Not reported"
"10.1155/2014/265298","ΦMSP","Not reported","Not reported","Not reported","Siphoviridae family","icosahedral head, about 60 nm in diameter, and a long noncontractile tail about 125.83 nm","Siphoviridae","Lytic","sewages of Guru Angad Dev Veterinary and Animal Sciences University (GADVASU), Ludhiana","sewage samples","Staphylococcus aureus","S. aureus","very small zones of clearances (plaques)","Not reported","Not reported","Not reported","37°C","Not reported"
"10.1016/j.resmic.2020.08.003","Citrophage MRM19","Not reported","Not reported","Not reported","Siphovirus","icosahedral head with a head size of 60.7 ± 1.2 nm and tail size of 120.0 ± 2.0 nm","Siphoviridae","Lytic","Tamil Nadu, India","water samples","Citrobacter","Citrobacter werkmanii (PNRE_19)","small (0.75 ± 0.2 mm), irregular plaques","0.0001","25 ± 3 min","110 ± 20 phages/infected cell","28 °C","7.4"
"10.1016/j.resmic.2020.08.003","Citrophage MRM57","Not reported","Not reported","Not reported","Podovirus","head size of 48.0 ± 1.0 nm with a short tail of 11.95 ± 1.92 nm","Podoviridae","Lytic","Tamil Nadu, India","water samples","Citrobacter","Citrobacter amalonaticus (PNRE_57)","clear, medium-sized, and circular plaques with a diameter of 2 ± 0.5 mm","0.0001","25 ± 2 min","50 ± 5 phages/infected cell","28 °C","7.4"
"10.1093/oxfordjournals.jbchem.a003254","Not disclosed in abstract (Requires full PDF)","Not disclosed in abstract (Requires full PDF)","Not disclosed in abstract (Requires full PDF)","Not disclosed in abstract (Requires full PDF)","Not disclosed in abstract (Requires full PDF)","Not disclosed in abstract (Requires full PDF)","Not disclosed in abstract (Requires full PDF)","Engineered","Not disclosed in abstract (Requires full PDF)","Not disclosed in abstract (Requires full PDF)","Not disclosed in abstract (Requires full PDF)","Not disclosed in abstract (Requires full PDF)","Not disclosed in abstract (Requires full PDF)","Not disclosed in abstract (Requires full PDF)","Not disclosed in abstract (Requires full PDF)","Not disclosed in abstract (Requires full PDF)","Not disclosed in abstract (Requires full PDF)","Not disclosed in abstract (Requires full PDF)"
"10.1128/AEM.02371-12","MR-5","Not reported","Not reported","Not reported","members of the family Myoviridae","icosahedral head (58 nm) and contractile tail (120 nm in length)","order Caudovirales, family Myoviridae","Lytic","Not reported","sewage samples","Staphylococcus aureus","S. aureus ATCC 43300","pinpoint or tiny","0.01","33","52","37","Not reported"